지역,외식,관광쇼핑,숙박,레저스포츠,목욕,문화,사진촬영,체험,교통,종교활동
강원 강릉시,246542145629.0,1290534668.0,46713228237.0,9646530399.0,296107590.0,1685136864.0,650518029.0,3241919712.0,282904818.0,208283957.0
강원 고성군,44843376536.0,231964371.0,27714500492.0,19577062819.0,13092820.0,250591067.0,30376150.0,80735856.0,0.0,991585240.0
강원 동해시,35430378982.0,29518942.0,7658238886.0,1095913682.0,185269740.0,508529020.0,89000151.0,20191715.0,107607350.0,92885379.0
강원 삼척시,43620621162.0,73863983.0,25151131938.0,3977796472.0,27803869.0,168787523.0,45235590.0,201951855.0,27632580.0,0.0
강원 속초시,203471078960.0,521424416.0,54731608524.0,2056516595.0,135252395.0,995928428.0,62724678.0,474099414.0,5498902305.0,2972066520.0
강원 양구군,7452815616.0,1466250.0,976693648.0,88821192.0,17730165.0,704951652.0,4580290.0,48910224.0,9143868.0,0.0
강원 양양군,65807384820.0,1392067182.0,25622557382.0,3402996288.0,594545062.0,16789460.0,12500290.0,425438700.0,3336894086.0,1920161495.0
강원 영월군,18728857457.0,57270572.0,3877738422.0,1443649035.0,33765900.0,552536074.0,8726760.0,296763215.0,8295950.0,107897566.0
강원 원주시,127700910192.0,117283880.0,6804819460.0,33711324823.0,289237076.0,6213063189.0,929510219.0,422197130.0,478192837.0,1966084124.0
강원 인제군,29142641926.0,46427148.0,1862738794.0,228493746.0,124708626.0,9943795.0,3690180.0,175964755.0,601235274.0,22392300.0
강원 정선군,21097305089.0,85965276.0,24819642025.0,6205844121.0,39098394.0,12398447.0,73790895.0,1995123290.0,2248588.0,0.0
강원 철원군,20708809114.0,146271162.0,1398334342.0,9662844711.0,14367265.0,132356257.0,16630155.0,585510851.0,48204300.0,75435400.0
강원 춘천시,148238640773.0,418860369.0,11980957226.0,90065781751.0,243027154.0,1389361798.0,562177767.0,2682615160.0,472422688.0,364801404.0
강원 태백시,14405635082.0,0.0,1422572299.0,5683416696.0,90357095.0,48542879.0,11144093.0,17350305.0,10129590.0,148533535.0
강원 평창군,60713926210.0,396395867.0,72135665526.0,9589149917.0,45337856.0,14724880.0,13345250.0,4226875937.0,10495330.0,3253781979.0
강원 홍천군,53887927917.0,157712220.0,69974115281.0,63782396892.0,44207171.0,40926028.0,35727180.0,185053829.0,26492420.0,474446662.0
강원 화천군,11035180834.0,0.0,730671480.0,205211766.0,10167798.0,35616021.0,9469950.0,2034914.0,92502.0,0.0
강원 횡성군,31135657829.0,1079570.0,7974625771.0,32676305989.0,38557525.0,75596037.0,5176325.0,1002045985.0,6118500.0,0.0
경기 가평군,84517553668.0,117155679.0,13063452291.0,52860525571.0,84377287.0,1498023549.0,38264762.0,762428494.0,31091480.0,328042300.0
경기 고양시,346120832285.0,408992321.0,7557429495.0,41019131156.0,1449470299.0,5244964788.0,2289391871.0,2940200380.0,690952279.0,4637311219.0
경기 과천시,40532117836.0,101613325.0,28157700.0,169989311.0,12409005.0,190309345.0,34295862.0,8264411810.0,1837756558.0,0.0
경기 광명시,109226541921.0,10209728.0,2603286926.0,2685123054.0,121476484.0,1701617505.0,718934380.0,999979797.0,174304770.0,229674190.0
경기 광주시,91698983115.0,103637301.0,1864666807.0,41519394936.0,191726064.0,321393435.0,642052290.0,913550336.0,202943030.0,931300250.0
경기 구리시,63835588253.0,0.0,1981760627.0,3765743217.0,55174980.0,1515048818.0,437747851.0,161342347.0,37743344.0,203470905.0
경기 군포시,31759571711.0,15575500.0,961897070.0,2446083278.0,70976799.0,336184148.0,84792010.0,164674802.0,76864620.0,51320840.0
경기 김포시,164176040512.0,106085038.0,4199809493.0,11427154860.0,600578618.0,1959204805.0,502854097.0,1110162058.0,404953478.0,162364890.0
경기 남양주시,207913107142.0,97366400.0,4029898501.0,29009411334.0,296298385.0,2462871537.0,467750936.0,2448649482.0,105534652.0,1424975080.0
경기 동두천시,15142736278.0,150516200.0,765947386.0,2718762553.0,48036684.0,103233428.0,60362430.0,131735490.0,14988250.0,158897264.0
경기 부천시,263469454678.0,16444115.0,5028359445.0,6105280036.0,489554678.0,6160331479.0,2545500855.0,4357036618.0,1037910357.0,2410992506.0
경기 성남시,305137263212.0,17019970.0,15741277851.0,16118629224.0,401050893.0,32865210400.0,2091344519.0,864588949.0,82063736507.0,675551280.0
경기 수원시,200609899907.0,186599404.0,10749489863.0,9326066485.0,285252225.0,3482835720.0,1398598765.0,3017367909.0,1100808911.0,1283374330.0
경기 시흥시,142370797876.0,110925693.0,4678818266.0,14344783503.0,253604166.0,1046029236.0,147629346.0,854255815.0,39210461.0,276516786.0
경기 안산시,114945160564.0,26010961.0,4961642688.0,14323495283.0,87854529.0,1176152030.0,413656055.0,457858391.0,359852536.0,803136739.0
경기 안성시,57706235992.0,862542279.0,2111881513.0,41347662459.0,100588522.0,320808549.0,92065685.0,892658245.0,115529673.0,530638724.0
경기 안양시,120265891970.0,37024830.0,3861941771.0,3223338080.0,209727462.0,2040278877.0,636758663.0,204830105.0,116129122190.0,594352205.0
경기 양주시,69127147316.0,4869268.0,1584525698.0,16128149320.0,352908066.0,1218561046.0,130114223.0,2367000738.0,3614217.0,5853475032.0
경기 양평군,75503753973.0,11214930.0,5940132252.0,12115323128.0,96702664.0,322311966.0,37231996.0,1358065536.0,40954725.0,385147248.0
경기 여주시,41948221312.0,431057849.0,2207874746.0,111363895850.0,85628556.0,461569394.0,38011273.0,1210554283.0,249568367.0,149822910.0
경기 연천군,11206420705.0,0.0,3539850775.0,6680141418.0,26429723.0,22756622.0,7007205.0,85718092.0,0.0,641161600.0
경기 오산시,34966525402.0,9128414.0,2358922086.0,629385121.0,80739840.0,212349946.0,32233735.0,177769700.0,55445021.0,16764850.0
경기 용인시,214603389953.0,450345290.0,12731263198.0,123908857357.0,288857034.0,45473725977.0,2379915346.0,6036344050.0,267824492.0,1427569420.0
경기 의왕시,36966432527.0,4254110.0,1004182626.0,458679345.0,15764505.0,234680095.0,98045715.0,18818481.0,9159630.0,37883300.0
경기 의정부시,107601824166.0,74069387.0,2875719827.0,2857829289.0,230668990.0,1731641536.0,641679353.0,694815287.0,147039235.0,1040592415.0
경기 이천시,84983147363.0,627408912.0,3864402047.0,67670504767.0,68381249.0,161654939.0,81985526.0,3005255223.0,26995347.0,246275155.0
경기 파주시,145427363432.0,91693831.0,4035637126.0,49895425366.0,282262572.0,83745467209.0,810685842.0,3806403484.0,138431728.0,647804970.0
경기 평택시,141554065427.0,137450573.0,6730496605.0,5425727063.0,146968876.0,1229826811.0,396022232.0,302978435.0,239979925.0,247887111.0
경기 포천시,75259212935.0,285852366.0,4939043711.0,82532557291.0,33919095.0,501215323.0,119000389.0,1126228540.0,10380540.0,40627075.0
경기 하남시,136861266994.0,86860632.0,1484052044.0,16358519611.0,351468150.0,1870004973.0,1821462281.0,534421372.0,7498450.0,945970669.0
경기 화성시,158893964455.0,35602793.0,8890072834.0,34978044795.0,520851908.0,1699391125.0,349148177.0,663486200.0,117438910.0,270135760.0
경남 거제시,60243475241.0,43198716.0,30681894850.0,5102051649.0,126944672.0,132237254.0,379488650.0,2501322938.0,126407269.0,19351600.0
경남 거창군,12041807541.0,2140720.0,849572630.0,4177655387.0,287021934.0,43120224.0,17321700.0,15112510.0,4538200.0,122544950.0
경남 고성군,9631982329.0,0.0,810298095.0,2728909304.0,44280378.0,550119427.0,1330820.0,356076030.0,359809617.0,47764958.0
경남 김해시,88121590733.0,193980489.0,4725148665.0,21692597549.0,476885627.0,1117593582.0,1360034550.0,847043208.0,740962257.0,352332309.0
경남 남해군,28774900811.0,380517861.0,2346851800.0,23430468365.0,7555083.0,72705178.0,2711480.0,2008875776.0,62745707.0,426923445.0
경남 밀양시,21955263301.0,132912860.0,1711284968.0,10826252454.0,116710642.0,61642907.0,20856440.0,1083499846.0,0.0,726327225.0
경남 사천시,23746050354.0,87408915.0,3169686008.0,6078829110.0,100977605.0,124780197.0,10584470.0,675050660.0,30895380.0,840546625.0
경남 산청군,7278964013.0,1325010.0,497412010.0,181600176.0,19711938.0,31000.0,5382825.0,37902250.0,0.0,100877850.0
경남 양산시,98718368282.0,161069945.0,4373387167.0,46384796103.0,505906029.0,3211049539.0,175571914.0,1006601887.0,26616910.0,1260251819.0
경남 의령군,3502596734.0,0.0,243379897.0,221686365.0,8370950.0,332608.0,253500.0,31910500.0,0.0,280252510.0
경남 진주시,45491871378.0,17150400.0,4012742495.0,1714165528.0,170045992.0,870028735.0,260600514.0,68624910.0,255434021.0,310247985.0
경남 창녕군,14467474002.0,26148363.0,3467476518.0,7903361752.0,47725702.0,25370785.0,2498310.0,210493905.0,0.0,86627400.0
경남 창원시,145764120861.0,430693799.0,12345763768.0,16327546826.0,638985102.0,1139945639.0,702035814.0,885439000.0,493848363.0,970429949.0
경남 통영시,47508489720.0,175837961.0,11917406144.0,3937090022.0,84632892.0,147634710.0,688163163.0,201688177.0,270888125.0,3563500.0
경남 하동군,16443021272.0,154494308.0,2013906297.0,559876290.0,66252219.0,12844712.0,1368560.0,1133921883.0,14288050.0,64651150.0
경남 함안군,13954170444.0,13759020.0,482121210.0,1421804355.0,35906489.0,17044099.0,848390.0,43140610.0,23027300.0,140749560.0
경남 함양군,9739295096.0,1991819.0,691401367.0,592842080.0,36878448.0,29875423.0,3968880.0,51179172.0,10199600.0,23277850.0
경남 합천군,11694675754.0,233170588.0,1080401087.0,6361523757.0,36614514.0,79002139.0,2734660.0,295966817.0,0.0,1455490355.0
경북 경산시,80340721988.0,8520850.0,2522641921.0,20366108062.0,479649150.0,1787947266.0,135552779.0,229040430.0,16413582.0,3058703550.0
경북 경주시,184160116937.0,1395971805.0,53871545731.0,64063118830.0,634045363.0,1728745685.0,679796791.0,9878918185.0,721353869.0,3417964685.0
경북 고령군,8734276415.0,19136200.0,164067444.0,12094353137.0,21397431.0,17467994.0,1939640.0,14493180.0,0.0,16297700.0
경북 구미시,70922468695.0,19295342.0,7249934311.0,86208598255.0,167736116.0,827871572.0,294870117.0,600261703.0,270545079.0,135584580.0
경북 군위군,13975014167.0,15460120.0,182939960.0,10357225860.0,127419650.0,8755367.0,345360.0,407033869.0,0.0,19899000.0
경북 김천시,28729356659.0,35250375.0,2052483207.0,6225825745.0,97099529.0,323803180.0,38644484.0,149217736.0,5579518.0,245745982.0
경북 문경시,31829938742.0,123710378.0,2866766797.0,6652592968.0,46960742.0,624568310.0,11598202.0,916335157.0,18656807.0,24913440.0
경북 봉화군,6732303700.0,77972352.0,536923430.0,7212667.0,2933319.0,17175976.0,77500.0,17303660.0,0.0,49653880.0
경북 상주시,21150566718.0,9316710.0,1308216396.0,10362420530.0,115789896.0,63487583.0,24274522.0,92820344.0,8260300.0,56077040.0
경북 성주군,12280589487.0,31168198.0,817223315.0,237692459.0,58170350.0,2322234.0,3576850.0,63962489.0,0.0,1573244427.0
경북 안동시,43374995379.0,165765723.0,3974426332.0,4523654317.0,56909581.0,422665659.0,100636285.0,567552784.0,55611500.0,104162361.0
경북 영덕군,30048075329.0,29928309.0,2338305632.0,7142580771.0,67227079.0,13406784.0,7043705.0,16961250.0,3107900.0,18714850.0
경북 영양군,1486056002.0,0.0,273606320.0,653540.0,1078479.0,2604870.0,2301490.0,11035100.0,0.0,0.0
경북 영주시,22930806702.0,41626665.0,2343003723.0,383756013.0,26107986.0,155658408.0,35313872.0,97616000.0,5000900.0,203507683.0
경북 영천시,18300170296.0,954450.0,1178049134.0,16558166110.0,127556473.0,48262679.0,4184645.0,118959351.0,51979110.0,1065190395.0
경북 예천군,10313439482.0,0.0,687051879.0,2896688546.0,120083415.0,115109024.0,2928820.0,59790279.0,0.0,25069830.0
경북 울릉군,9887807018.0,144061605.0,1790391482.0,50757900.0,9251905.0,0.0,0.0,275446730.0,968614282.0,0.0
경북 울진군,25102089054.0,25837561.0,4927529386.0,152836765.0,51757990.0,70083081.0,4908730.0,2744857231.0,8656000.0,4383780.0
경북 의성군,9846527437.0,0.0,558835060.0,11266967313.0,34578820.0,673000.0,2016050.0,16999445.0,1811600.0,92238800.0
경북 청도군,29212986742.0,113904705.0,695468151.0,15625197300.0,156537299.0,142415262.0,7676984.0,2021608318.0,3495900.0,407623732.0
경북 청송군,9524859042.0,22277110.0,4498259310.0,6487533.0,1964410.0,0.0,368440.0,322841895.0,0.0,521981725.0
경북 칠곡군,38856478012.0,80197615.0,1214139537.0,11944690178.0,321537783.0,77092226.0,8295136.0,636419734.0,0.0,557566460.0
경북 포항시,115801483906.0,166573572.0,12049115916.0,7240129910.0,473298040.0,1149089539.0,442667480.0,516687752.0,659539743.0,415455735.0
광주 광산구,64752002070.0,3792860.0,6227948926.0,6275490753.0,308316937.0,1084629515.0,612107058.0,270067277.0,940324622.0,48577021.0
광주 남구,23635204517.0,2397470.0,538056349.0,426305867.0,57010931.0,572182741.0,141967590.0,227039081.0,21739960.0,54516230.0
광주 동구,36958670730.0,25489210.0,2682767179.0,430619362.0,60964541.0,1111423741.0,1632505395.0,244051430.0,105734690.0,556993902.0
광주 북구,51027866269.0,88606730.0,3849625870.0,1914682881.0,165162643.0,1991221705.0,490326454.0,680372053.0,69714854.0,194959175.0
광주 서구,66225902825.0,13892380.0,8453867373.0,1406306508.0,133296539.0,1731590220.0,439624643.0,81546363.0,868265520.0,68025108.0
대구 남구,19383204923.0,37916726.0,930344004.0,343779536.0,114086246.0,731025240.0,292880129.0,518424535.0,80473570.0,1092342633.0
대구 달서구,53425844263.0,187462507.0,4469146813.0,1188870899.0,244043493.0,1062576865.0,606475664.0,158829742.0,318699286.0,134257430.0
대구 달성군,33883137222.0,71024474.0,1862688524.0,915248781.0,341693971.0,196841435.0,37679971.0,109129019.0,0.0,280984800.0
대구 동구,58292440149.0,190826430.0,12086523607.0,1698268154.0,200144818.0,1211125015.0,69912988.0,309143949.0,1201362216.0,1133944546.0
대구 북구,54249255254.0,10852238.0,2997657007.0,957253690.0,155275923.0,1392739128.0,767719439.0,197744510.0,147139490.0,828440805.0
대구 서구,11396575876.0,16541444.0,1120428301.0,334668060.0,336786212.0,52481745.0,90392920.0,44425455.0,69565780.0,301416340.0
대구 수성구,79715150850.0,123169770.0,10609190833.0,1752510288.0,250319969.0,1151133614.0,528364969.0,364615798.0,166118754.0,145282711.0
대구 중구,68731046541.0,44655040.0,4298364975.0,1282401060.0,41156675.0,3111672317.0,2486239831.0,870198948.0,3364500.0,181508400.0
대전 대덕구,35097962112.0,7077540.0,2897859839.0,568697987.0,12635635.0,823101735.0,35903779.0,138025312.0,130122750.0,103312870.0
대전 동구,39764173131.0,78857800.0,2322571710.0,401292387.0,151024739.0,1198402761.0,225432365.0,215687051.0,1707486014506.0,221716900.0
대전 서구,100214473362.0,23373850.0,4605307976.0,7469842601.0,477093372.0,3119062535.0,1876244112.0,610417232.0,302186508.0,562487944.0
대전 유성구,125512538367.0,101957060.0,14111579072.0,7096196933.0,596193981.0,2278572187.0,710883664.0,208339651.0,1517087560.0,506822894.0
대전 중구,60238521203.0,15077620.0,2672481745.0,1177355210.0,132273655.0,1142276762.0,603223240.0,1924929723.0,2301724117.0,943719795.0
부산 강서구,37646191972.0,180790586.0,2596317980.0,4100829986.0,107693362.0,351139340.0,21521240.0,46075215.0,157220559430.0,71020000.0
부산 금정구,31900077821.0,42204947.0,849327698.0,2872833611.0,125370787.0,1039156871.0,313698212.0,139649652.0,18861100.0,636782090.0
부산 기장군,82626598525.0,0.0,32083951057.0,8396417407.0,183394692.0,770765986.0,212039842.0,242860491.0,18755410.0,1615050606.0
부산 남구,29779889381.0,17485675.0,2398800358.0,3166761412.0,134913865.0,604187899.0,218159777.0,70736740.0,15270.0,198523225.0
부산 동구,20942150446.0,72348765.0,3414867683.0,9720093916.0,62664410.0,314601696.0,20389330.0,48996516.0,906181811.0,456783022.0
부산 동래구,29119718739.0,2602640.0,4010668830.0,595541088.0,117041418.0,815313409.0,126595137.0,159394857.0,192411162.0,134548048.0
부산 부산진구,88130822345.0,922748014.0,10531240319.0,1148681123.0,183629740.0,6065370943.0,1171539572.0,788208261.0,111480360.0,2416333576.0
부산 북구,23542912245.0,3315389.0,1276294317.0,347659269.0,102892283.0,415608746.0,76953328.0,75412330.0,7100900.0,122913820.0
부산 사상구,24536660035.0,33099820.0,1539636842.0,399173375.0,114196255.0,615326762.0,96276363.0,55541152.0,47328705.0,279972584.0
부산 사하구,21744088700.0,42009640.0,1281633432.0,272711992.0,95145891.0,281118144.0,155540957.0,91263416.0,37418210.0,162308295.0
부산 서구,14599451449.0,0.0,4422625013.0,112815477.0,49436764.0,186273039.0,27663320.0,4926525620.0,3779400.0,242853410.0
부산 수영구,70162680139.0,255771396.0,4219366520.0,1445580084.0,104809668.0,700015280.0,610385092.0,940393545.0,9332760.0,51199100.0
부산 연제구,20872069412.0,2773292.0,1168299060.0,281295591.0,71336117.0,287683660.0,186653570.0,264444100.0,20702900.0,2018626882.0
부산 영도구,14892588625.0,30413814.0,2737071569.0,148451100.0,33126708.0,463958521.0,15076575.0,121996029.0,175971470.0,33351900.0
부산 중구,36549970226.0,228777140.0,3306350682.0,153759803.0,35388426.0,573489178.0,393433894.0,165962586.0,0.0,351958900.0
부산 해운대구,155669399941.0,657879836.0,97715332382.0,1502228654.0,293923274.0,1092182020.0,2944397894.0,8177628874.0,11562846173.0,133604746.0
서울 강남구,809706242604.0,4632446803.0,82063306921.0,24122298849.0,1464029977.0,151847475396.0,29439784442.0,4323533308.0,443735627461.0,1816880868.0
서울 강동구,107408757683.0,108207377.0,2663617146.0,2028578135.0,205315418.0,1909146077.0,734818970.0,311145700.0,1792681014.0,353426034.0
서울 강북구,47325580203.0,0.0,1774433487.0,752812716.0,64646365.0,701365562.0,158112318.0,166493497.0,371992545.0,1844420659.0
서울 강서구,212513608279.0,66263384.0,14066033881.0,10148258625.0,312863647.0,2308118065.0,1380008189.0,326885887.0,564611259204.0,391479260.0
서울 관악구,151901283580.0,1153080.0,3638436458.0,1565218829.0,184349277.0,4450026533.0,715146660.0,174484896.0,52837631.0,235038530.0
서울 광진구,134216346754.0,0.0,18417358185.0,2257500864.0,256757225.0,4954487696.0,2029439259.0,1704874689.0,8932969868.0,231219589.0
서울 구로구,131273449894.0,0.0,6871433816.0,3755451774.0,386449536.0,9451202848.0,263958500.0,299635831.0,1373244007.0,181337515.0
서울 금천구,111333066255.0,93435818.0,2939561616.0,2078259658.0,213969471.0,4768015919.0,501150482.0,321986103.0,225203869.0,155596547.0
서울 노원구,85010159567.0,39434470.0,1422102123.0,4296755704.0,143692250.0,3171598231.0,1159212726.0,301779995.0,264359820.0,260521310.0
서울 도봉구,41288946690.0,0.0,559229480.0,611180524.0,63556764.0,631995503.0,255693117.0,62070910.0,206183670.0,422514694.0
서울 동대문구,87432346070.0,108806227.0,1802562121.0,843709134.0,131091290.0,1250919859.0,203529618.0,509608584.0,113676487.0,486569499.0
서울 동작구,109793164238.0,24788676.0,1731522633.0,1094386882.0,129557734.0,5777390141.0,446614518.0,181763563.0,0.0,272577235.0
서울 마포구,387804120605.0,9174774.0,13428842744.0,4199007285.0,458802102.0,24226545265.0,4741139133.0,1186697439.0,383649911.0,418818227.0
서울 서대문구,116473453073.0,35838790.0,3570254339.0,1271991673.0,145898167.0,2852204401.0,636215346.0,1025415533.0,135554815.0,662945038.0
서울 서초구,413354878532.0,2373004603.0,26656636764.0,5119250088.0,526547324.0,27875790587.0,3365919806.0,4091555538.0,111989238156.0,168918610.0
서울 성동구,169527180982.0,0.0,1383838160.0,2187537694.0,144758789.0,2422640208.0,1455302974.0,450396985.0,1100376841.0,174499570.0
서울 성북구,72037788255.0,258883690.0,1387109973.0,829753984.0,143578923.0,68339465835.0,752598399.0,167238986.0,0.0,1355943137.0
서울 송파구,281921321594.0,3644864112.0,34219408646.0,4204061672.0,344638176.0,6336826424.0,6972858735.0,7065592498.0,2379517448.0,1023949220.0
서울 양천구,73765637616.0,38080657.0,499862682.0,1007466594.0,274429369.0,2373697216.0,476155147.0,1238950461.0,190915510.0,388177758.0
서울 영등포구,309247014976.0,536378541.0,35041358757.0,3557828393.0,263917738.0,114663172929.0,1291699596.0,533859904.0,1443235088.0,186161467.0
서울 용산구,229760619464.0,2164654304.0,29697019412.0,1547014474.0,46021666.0,32370013158.0,2530150469.0,1467242686.0,4499847221.0,722421022.0
서울 은평구,79073199600.0,14387100.0,2101822555.0,1120774965.0,165791375.0,1572085638.0,557920757.0,207498224.0,15463900.0,427375708.0
서울 종로구,336121142308.0,1195397158.0,36362426051.0,1715805179.0,157835554.0,132046151747.0,2936301008.0,8376253315.0,17804979972.0,2314105877.0
서울 중구,652265242354.0,24968278852.0,105990599242.0,2372798724.0,222817925.0,25818078862.0,6820687907.0,3797903368.0,41525663305.0,794826458.0
서울 중랑구,57488679791.0,21048855.0,1623794257.0,771791119.0,162146379.0,1855279718.0,429336719.0,176015774.0,122066775.0,582806515.0
세종 .,147750163865.0,49189645.0,3985970203.0,16593419411.0,376267871.0,35461595216.0,471054804.0,327308255.0,20543593.0,435156191.0
울산 남구,62212247752.0,109363961.0,9570618611.0,1685226909.0,339097828.0,1301962824.0,450158570.0,191782972.0,336450651.0,574149650.0
울산 동구,21022700652.0,23592473.0,2530235060.0,330796552.0,121111312.0,109663387.0,19152516.0,16526912.0,73300610.0,36670540.0
울산 북구,23808583892.0,21336000.0,2635398129.0,763678196.0,120694548.0,335354225.0,68102030.0,119789900.0,626786632.0,8763990.0
울산 울주군,70505530149.0,39628920.0,3658370029.0,20008410720.0,468998098.0,335161791.0,75770270.0,702570539.0,78006220.0,753133240.0
울산 중구,19532739105.0,17428515.0,1651462919.0,282040213.0,117765273.0,245006425.0,110562372.0,195376228.0,244193450.0,195260155.0
인천 강화군,77727000261.0,233799950.0,3188139609.0,8114272293.0,280085758.0,863128557.0,28964742.0,872516771.0,610800.0,4097293021.0
인천 계양구,60473788931.0,15441926.0,2297851155.0,2327387181.0,109253079.0,792667736.0,647264139.0,491404498.0,6719240.0,1030332453.0
인천 남동구,121055200849.0,5654769.0,4943637073.0,2682513078.0,152041914.0,2103865495.0,1004685659.0,399605837.0,161785780.0,1359187728.0
인천 동구,6300626530.0,0.0,225172335.0,19667732.0,21389040.0,90067583.0,9762510.0,468223595.0,115472460.0,8100750.0
인천 미추홀구,60927387754.0,130742551.0,2662332488.0,812720950.0,177740507.0,926815116.0,1054480539.0,167064284.0,2084619394.0,1130982890.0
인천 부평구,108531319468.0,17169030.0,4029146483.0,5129198474.0,320176115.0,2085038738.0,1667961426.0,403487038.0,173689738.0,568718729.0
인천 서구,105276339362.0,46611258.0,3574003009.0,20296865886.0,224872725.0,3267043136.0,318412562.0,458416196.0,623353383.0,525728933.0
인천 연수구,124721045720.0,4270600.0,19947660211.0,15491647550.0,129866260.0,2561658484.0,403359228.0,362085072.0,2327280276.0,302705470.0
인천 옹진군,22475298764.0,1866400.0,2089899186.0,1108386200.0,1073330.0,2215200.0,7337240.0,445853630.0,57493815.0,3786960.0
인천 중구,181841960781.0,48544833330.0,51390217825.0,41117512903.0,90485986.0,809519763.0,213956745.0,5111977750.0,52653328702.0,64961751.0
전남 강진군,8548432202.0,35365450.0,857709615.0,3796806361.0,12768699.0,24289813.0,9649770.0,349033800.0,863600.0,12423890.0
전남 고흥군,10750812155.0,812500.0,1411009173.0,123208152.0,14447398.0,25850034.0,5465100.0,33940296.0,1375500.0,0.0
전남 곡성군,13819478302.0,3838700.0,443847833.0,7318035297.0,2882330.0,46939671.0,9510180.0,866438812.0,0.0,33290961.0
전남 광양시,33980496009.0,10385550.0,4212344699.0,801876402.0,60143134.0,152914995.0,37044329.0,109922121.0,123019643.0,107580630.0
전남 구례군,11291734368.0,32710840.0,1758791649.0,61792671.0,18806945.0,9745939.0,3691750.0,38947955.0,99445233.0,1062095896.0
전남 나주시,45545965824.0,15509330.0,2295798671.0,16846796561.0,156987771.0,339646438.0,21448848.0,1259804016.0,100329630.0,49256706.0
전남 담양군,66488509732.0,183804008.0,1021477695.0,6043566686.0,502345504.0,201359680.0,53485140.0,1205775174.0,5200.0,49051100.0
전남 목포시,70777646300.0,49476965.0,8011606255.0,829589258.0,112343840.0,519326865.0,262582659.0,80102673.0,497996768.0,57285346.0
전남 무안군,21919578737.0,508000.0,1265403468.0,7279286015.0,33643949.0,235905809.0,62013300.0,68224550.0,1715600.0,0.0
전남 보성군,11981952931.0,15390850.0,1019520731.0,3681484892.0,64794646.0,457799274.0,6427830.0,265316901.0,0.0,2610660.0
전남 순천시,57810000158.0,137172482.0,4345349523.0,9116255962.0,85472492.0,836537999.0,320656010.0,238668482.0,360148840.0,427137185.0
전남 신안군,7597205161.0,48408590.0,2729792141.0,10427350.0,0.0,93382540.0,2617100.0,110871845.0,152448080.0,0.0
전남 여수시,144439394158.0,1710337496.0,47041598270.0,8762388570.0,204097094.0,780364380.0,131473483.0,13724961888.0,1343855077.0,1742822313.0
전남 영광군,17272990446.0,47785439.0,1740768525.0,5360819757.0,38304782.0,110984088.0,9767888.0,425294295.0,692300.0,0.0
전남 영암군,12715326741.0,77500.0,2687165557.0,14400031506.0,38271275.0,71642952.0,765050.0,51253063.0,0.0,21640540.0
전남 완도군,11282916892.0,0.0,1978078393.0,136002313.0,17164255.0,1815340.0,1232540.0,71963994.0,917668714.0,3008100.0
전남 장성군,23333083455.0,10120640.0,668094528.0,10085645486.0,22194700.0,2646799.0,13019351.0,183239476.0,54317750.0,851398503.0
전남 장흥군,7422773718.0,0.0,801176809.0,5501896870.0,11683140.0,22131004.0,4313575.0,65509840.0,0.0,0.0
전남 진도군,9838287397.0,0.0,21347792417.0,26110820.0,99510850.0,30959822.0,4886340.0,103598102.0,31453700.0,0.0
전남 함평군,11105267325.0,0.0,345374525.0,6079189465.0,72195140.0,1368660.0,6372389.0,81094949.0,3205383.0,9371635.0
전남 해남군,13603899786.0,81127381.0,1626571337.0,10172049914.0,28104180.0,118763998.0,24294825.0,130130425.0,19545250.0,294495545.0
전남 화순군,28441852419.0,0.0,1795379394.0,16373693409.0,63588464.0,41914009.0,8849177.0,613172502.0,89131535.0,108945310.0
전북 고창군,20253139266.0,62664440.0,1437789805.0,12645788699.0,8900290.0,132006713.0,9603380.0,2277572375.0,0.0,378778339.0
전북 군산시,82945690884.0,71393273.0,7959734373.0,15204598351.0,132013120.0,738660654.0,291535213.0,714377565.0,319658263.0,171119330.0
전북 김제시,8416705630.0,11679610.0,521337567.0,2491361331.0,15064613.0,16579579.0,18590290.0,75893432.0,138108892.0,282975200.0
전북 남원시,22247587354.0,309390901.0,4778425973.0,7228641917.0,87193118.0,253732487.0,24849066.0,851960472.0,6653350.0,178390929.0
전북 무주군,12836016845.0,127787895.0,7788696250.0,6164734749.0,4234780.0,185311778.0,3107630.0,291530285.0,0.0,0.0
전북 부안군,21625643615.0,32218180.0,10106836948.0,159843745.0,102590321.0,99359398.0,17215880.0,218423769.0,10210708.0,458532565.0
전북 순창군,9564523383.0,0.0,713395440.0,1421934239.0,28156045.0,797585.0,7412150.0,433601568.0,0.0,0.0
전북 완주군,23293826401.0,18075610.0,2412605347.0,1088843901.0,102038104.0,170487388.0,14867680.0,1462707574.0,24899242.0,34436740.0
전북 익산시,40322351459.0,47561885.0,3259031740.0,7431552108.0,92650331.0,895981774.0,126632286.0,149806120.0,105658116.0,153420275.0
전북 임실군,11297275853.0,2759200.0,134287110.0,1684793102.0,34167980.0,23224175.0,330770.0,225401203.0,0.0,0.0
전북 장수군,3103185914.0,0.0,177497250.0,3361432296.0,5175166.0,2373555.0,1833500.0,4840690.0,0.0,0.0
전북 전주시,137421391449.0,495548022.0,13675528120.0,4438675897.0,367256714.0,2371934221.0,1250870779.0,2457532226.0,413696591.0,396836963.0
전북 정읍시,19416520014.0,21926508.0,1758054715.0,5640912080.0,100050815.0,94411181.0,17278260.0,178262123.0,46104360.0,510894495.0
전북 진안군,5561144914.0,29617150.0,282749685.0,3046202688.0,0.0,726080.0,1056140.0,41413768.0,5643660.0,218725190.0
제주 서귀포시,369220154717.0,41294941666.0,351355393371.0,54752225899.0,117714188.0,9559200739.0,595002719.0,14868595710.0,1073368197.0,480287410.0
제주 제주시,555719227581.0,481276273981.0,89506181944.0,53326081785.0,58352035334.0,4127650571.0,1533928488.0,12880088643.0,215902704785.0,362851744.0
충남 계룡시,14797685729.0,0.0,850941640.0,6380737332.0,35089290.0,138354619.0,11078200.0,79662713.0,0.0,87887200.0
충남 공주시,89295852736.0,372752151.0,3633353331.0,8677794322.0,133461518.0,424951670.0,73067815.0,404555103.0,191002144.0,2159048058.0
충남 금산군,24875439866.0,33376120.0,799735222.0,4787539276.0,48845275.0,106308941.0,106906097.0,309856570.0,381947860.0,29342700.0
충남 논산시,39403770122.0,1393808.0,1485193918.0,9033165853.0,247373361.0,372020335.0,51606445.0,133446485.0,170891660.0,581177826.0
충남 당진시,89523250541.0,6289350.0,5698949963.0,9668743868.0,123505429.0,772100546.0,116670286.0,1915143707.0,275435080.0,46582000.0
충남 보령시,68068614074.0,544703860.0,15480462782.0,2426464064.0,118179472.0,148477160.0,121089686.0,680545739.0,29876270.0,419506600.0
충남 부여군,20651608783.0,163223624.0,8949736780.0,11722341700.0,22775769.0,68147790.0,10967060.0,165834546.0,282430315.0,43367672.0
충남 서산시,71023592084.0,3869350.0,4616048086.0,1953978026.0,347422500.0,347917887.0,137716774.0,161432576.0,163948830.0,364007310.0
충남 서천군,20923432212.0,0.0,1278121001.0,285850213.0,38330990.0,106910545.0,2697750.0,718777903.0,2428400.0,85447200.0
충남 아산시,100554163853.0,3495895.0,6982858405.0,12506078180.0,215194790.0,508125123.0,426252285.0,693633519.0,65032830.0,734595820.0
충남 예산군,30621779430.0,191814098.0,2751218129.0,188674330.0,175712377.0,90087831.0,37195090.0,1240648212.0,27688914.0,565996160.0
충남 천안시,243440273446.0,294067125.0,17753607998.0,24745907136.0,321788741.0,3313907206.0,3517951444.0,1372184341.0,1955207919.0,2111487860.0
충남 청양군,6101437679.0,0.0,415015690.0,43597633.0,3550110.0,8756080.0,417300.0,5624100.0,0.0,0.0
충남 태안군,53024203157.0,17496870.0,8393736677.0,25060454396.0,69143658.0,968293113.0,7599910.0,27797645081.0,15266840.0,2634420.0
충남 홍성군,31344053014.0,3672400.0,1611973807.0,337276666.0,84514055.0,157350222.0,27696778.0,243039702.0,117972080.0,165699190.0
충북 괴산군,19086262017.0,0.0,775860623.0,297190308.0,3130930.0,119558680.0,3673180.0,83521909.0,361459169.0,18821800.0
충북 단양군,31575306268.0,105125870.0,7576698682.0,7316276275.0,12703210.0,692316130.0,12914300.0,3341845227.0,516052430.0,12244886.0
충북 보은군,10069971388.0,26418490.0,1263152680.0,9554240493.0,52768367.0,7721829.0,4153890.0,100240313.0,0.0,835655810.0
충북 영동군,12854781035.0,0.0,637133140.0,1349955326.0,17832102.0,25965908.0,13366175.0,62823430.0,0.0,27188535.0
충북 옥천군,23363194050.0,835600.0,715017245.0,603846987.0,16375135.0,37894689.0,4075058.0,402421691.0,12107800.0,34366630.0
충북 음성군,54390014982.0,0.0,3670292786.0,45977036581.0,125415012.0,2715667527.0,21210088.0,67972760.0,21027070.0,191831270.0
충북 제천시,54686595052.0,34651010.0,5126956750.0,12039690023.0,94603191.0,240182827.0,98764558.0,1152917141.0,32104150.0,457542036.0
충북 증평군,14440436074.0,1478060.0,800678118.0,179380316.0,28900723.0,42904651.0,23494400.0,3692591205.0,10171390.0,9612695.0
충북 진천군,31520608868.0,5931075.0,2154072412.0,44168021809.0,9878860.0,127809238.0,14685040.0,26354280.0,20187260.0,58981237.0
충북 청주시,223519617906.0,170764109.0,15155770816.0,48257622846.0,484951739.0,4078108302.0,887131715.0,587315680.0,855775788.0,942050784.0
충북 충주시,78925223338.0,141547253.0,7051425086.0,129409723163.0,410608441.0,562153544.0,107003315.0,2535074757.0,146124185.0,251497753.0
