지역명,관광쇼핑 매출,관광쇼핑 결제 수,교통 매출,교통 결제 수,레저스포츠 매출,레저스포츠 결제 수,목욕 매출,목욕 결제 수,문화 매출,문화 결제 수,사진촬영 매출,사진촬영 결제 수,숙박 매출,숙박 결제 수,외식 매출,외식 결제 수,운동경기관람 매출,운동경기관람 결제 수,종교활동 매출,종교활동 결제 수,체험 매출,체험 결제 수
강원 강릉시,7308079226,321242,2966814140,25588,33680222431,375255,3909834272,233185,9416128756,446706,2419677715,117387,1.80E+11,2318248,1.02E+12,36127014,42362339,1712,778547381,2714,10214155550,383439
강원 고성군,1215604059,53833,3619390,43,65046593884,331334,151076826,10294,1013707786,40664,74452430,2717,1.10E+11,1459165,1.56E+11,4796260,NA,NA,2234229255,11319,145848270,3345
강원 동해시,169786486,13292,752550940,12134,4580110949,125019,1091935041,48368,2245185504,202983,356141903,5419,25667227939,377851,1.55E+11,5842080,NA,NA,330440452,8763,337064655,5209
강원 삼척시,600022218,28318,114957260,1040,14282498318,123017,706584859,31893,1282216421,48117,488719689,28880,1.12E+11,1363673,1.82E+11,5464647,NA,NA,NA,NA,708487165,26389
강원 속초시,1955198935,69283,25518690495,718046,8218239464,204095,1877657559,105649,3469258830,144644,243826518,14091,2.34E+11,2907525,8.41E+11,24508876,NA,NA,9739294541,549404,1740468191,107298
강원 양구군,2749350,34,28880418,256,666366674,29990,83461340,6487,1053078544,27613,33852504,1758,4070421758,44435,42433686086,1718068,NA,NA,NA,NA,238080147,11481
강원 양양군,5745727967,303826,8611196217,70977,9882169652,367514,1688493206,40585,129354758,11508,208748122,1134,1.02E+11,1433307,2.31E+11,6644366,NA,NA,12280800139,552600,1789016983,73601
강원 영월군,166673322,6663,52975030,710,3335255208,56983,330781899,27862,1402175600,70819,23699584,804,13520459106,204746,71709732189,2921580,NA,NA,466989163,11928,1183775055,30400
강원 원주시,192958534,623,2136159331,5599,1.09E+11,1213616,3217353082,192606,23104865037,892472,3614293918,62406,34355961012,526493,5.82E+11,30028798,NA,NA,8783308538,104415,2233139159,84894
강원 인제군,124318989,6303,2360503032,245597,1282181030,49750,810168916,39267,135193435,9809,31391595,1183,8286468416,135816,1.36E+11,8635172,NA,NA,70379560,83,643319724,8726
강원 정선군,518197929,21046,22434549,167,35922369846,551458,345907394,22731,60428886,5293,209038464,14474,1.37E+11,1543098,1.05E+11,3455409,NA,NA,9304200,230,28685643650,594534
강원 철원군,579594225,143066,107328880,5561,31569621044,190635,144408564,11692,1036906495,60939,128039995,3046,6539847736,127495,1.00E+11,3947535,NA,NA,147965300,77,2321867930,95443
강원 춘천시,3725827190,209162,2346356862,83520,2.94E+11,2209138,2489228991,192007,8496062465,422784,2069278382,119824,63686665620,1059587,6.66E+11,28540079,NA,NA,1351936092,2447,10112406439,455975
강원 태백시,1137510,24,174671912,1598,17002333327,122251,682172034,44369,290535514,8045,106643609,4969,5945125774,77664,65600407827,1827291,NA,NA,558383306,2972,57149844,2988
강원 평창군,1321967736,51305,106608780,638,35708836894,551936,328986100,14008,275772359,15668,38803154,1837,3.05E+11,4988747,2.43E+11,7499974,NA,NA,11882077337,634264,18948074538,1074480
강원 홍천군,169395220,7343,82277930,667,2.80E+11,2962064,470055795,23517,357902694,16788,171505961,7063,3.28E+11,5902084,2.43E+11,13446350,NA,NA,2388938862,16920,795470555,39626
강원 화천군,776840,31,78814339,26726,1015274582,45845,123230552,10092,567067939,47930,63075630,3995,3709516943,52063,64178052590,2767252,NA,NA,11385000,30,44938933,1600
강원 횡성군,3846510,66,22632180,119,1.14E+11,810224,247590940,12160,153896961,23432,24612079,767,48018282180,978564,1.14E+11,3330798,NA,NA,1742300,16,1740988343,39230
경기 가평군,416537170,22815,82831197,1416,1.85E+11,1279684,752358949,57287,4400992769,109026,237133907,5047,53499218621,1043384,3.44E+11,17763029,NA,NA,1662201325,2368,2688768542,115867
경기 고양시,988403759,25072,3447039784,13667,1.52E+11,2890240,11142537450,683043,31635155778,1306968,9353326588,104376,42748073472,662919,1.58E+12,70443001,17210884,152,23466171570,33407,13082463125,437581
경기 과천시,203272040,13164,6731179327,399992,2452960797,143986,114664234,10001,552322970,21526,135318019,4105,219456420,4306,1.73E+11,10223678,NA,NA,NA,NA,24337166255,1117751
경기 광명시,39827837,696,450085982,772,14769357677,513745,2170014135,183611,8582946631,288327,2954876165,35162,15417853491,300637,5.11E+11,23495483,NA,NA,1079426488,2039,3898599168,71091
경기 광주시,406608375,7765,509425020,10068,1.92E+11,1970691,2218881727,122207,5120887059,94414,3044019177,18689,8472164117,166202,4.01E+11,18509542,NA,NA,4235284773,4132,3232207737,19671
경기 구리시,NA,NA,143241941,480,14715055830,437437,614811557,54365,9079762926,199924,1869506112,30871,12603826604,259373,3.10E+11,14163200,NA,NA,977298623,3590,638706409,4260
경기 군포시,55298990,212,88429070,160,10537593774,168935,1124624818,82004,2529551456,96009,507525537,9416,5345640721,116652,1.56E+11,8151657,NA,NA,253999000,677,1173282928,7333
경기 김포시,777243702,3049,1525059036,6616,46847227565,807756,7256870585,481956,8303081125,296313,1725628050,61901,22346016897,411248,7.01E+11,31695912,NA,NA,1351661911,1161,3785708006,96095
경기 남양주시,320545419,2366,248280972,363,1.06E+11,1315270,3732921265,289873,9789872653,299575,2160582896,36773,18375247063,356653,8.91E+11,35642213,NA,NA,5952398502,89330,8780630011,247420
경기 동두천시,152935006,114,54111190,358,11818200313,121476,1236537271,86223,669205487,27979,246932098,4782,3704277531,65699,71478202798,3038790,NA,NA,652855970,12925,468231127,9521
경기 부천시,144291640,2885,4056826295,46835,30009075199,1219443,6746248189,437446,34324877690,1792283,11503081223,135952,30540810094,689074,1.33E+12,66067827,NA,NA,9685599196,14218,24331146296,576687
경기 성남시,241071483,2046,3.31E+11,32110405,61869004783,1480906,4570979275,387078,63910384772,1471841,7486404626,131648,64389409116,818328,1.49E+12,77094152,5977549,225,3123802048,13006,5532594737,65604
경기 수원시,671291173,22537,5183616077,63272,37517599732,913388,4515377903,387670,17835629505,849440,5601913391,131012,57255872365,865674,1.01E+12,51347642,379135,153,4734057270,8486,5855967337,70531
경기 시흥시,338257129,12447,239237381,1495,48431823670,779096,1666592407,135840,5355807608,245880,690992255,26819,23499402235,456598,6.23E+11,28444428,NA,NA,2010326549,3301,2226921771,38824
경기 안산시,117973207,3830,1682865316,14864,55820534856,693206,1413754680,107886,8207526092,479132,1900453170,62511,25990188259,501129,5.67E+11,29872017,NA,NA,3200096820,6764,1513597716,40533
경기 안성시,2941807481,47686,365323489,1200,1.56E+11,1182512,1224906273,72331,1799242408,86732,435040051,20093,8491580626,144782,2.78E+11,17260306,NA,NA,2193176677,10092,3855806204,149095
경기 안양시,204143466,2418,3.40E+11,708022,15505397391,564486,2888431734,221470,13418590909,550631,2606393779,57937,22069144374,427132,6.08E+11,29680688,NA,NA,3792440411,22288,1089236587,17324
경기 양주시,70743980,662,127883060,562,57751271478,583975,4460694651,196273,5059793528,224747,395296984,5801,7413577719,158891,2.78E+11,10465799,125319800,91,7757822672,3807,6042898746,202881
경기 양평군,64722465,902,161074217,373,41006794525,300290,1175946418,65204,1214123775,56186,104827927,2977,28228657429,495521,3.16E+11,14502768,37690010,88,1355178759,50329,7667038539,371203
경기 여주시,1864053926,14726,1173213316,4982,3.75E+11,2225205,336973683,22686,1633184629,94816,143380316,3748,11217931082,189145,1.72E+11,7657611,NA,NA,645633298,9948,4764741820,68460
경기 연천군,NA,NA,5488520,43,22240167447,140330,304098529,20914,159587649,8802,44116209,1625,5837768811,52792,52864378795,2201573,NA,NA,2237780647,1917,379882575,22193
경기 오산시,46390053,1837,278467277,1034,3701091881,135732,896246156,58307,1246051517,52361,212425490,9793,11761858538,198461,1.79E+11,9151720,NA,NA,68673880,420,885342514,15012
경기 용인시,1900992466,63083,1188877880,2429,4.46E+11,3190394,4432082729,333679,2.50E+11,13014103,8092802915,82952,60273762511,640326,9.99E+11,54417692,NA,NA,5694991540,7256,38932771931,1525332
경기 의왕시,24736470,271,84269900,143,1889948479,63018,196129969,14257,5819510835,16107,419918244,3298,4297045882,83791,1.59E+11,6902719,NA,NA,486035220,646,540303009,93819
경기 의정부시,186537998,4233,1076560088,2641,16486171326,564023,2850627891,203541,9334981136,535173,2617920255,47284,16292633658,346643,5.19E+11,24181505,NA,NA,5511990773,8108,2564213516,91629
경기 이천시,1992905926,32311,294599640,609,2.36E+11,1958829,731621834,38032,1428468466,61295,430928370,21277,24143729498,469602,3.92E+11,22648480,NA,NA,1158171428,4170,10623251553,294493
경기 파주시,914579162,47830,895171433,2389,1.82E+11,1470683,3002779001,210408,4.14E+11,4107477,2233369690,32618,17996854282,309850,6.26E+11,24318343,1820870,219,2009553243,3218,12696366103,599973
경기 평택시,2018242547,8028,916785564,4054,26829646601,708446,2388256640,183288,7460485089,422501,1546746941,46229,33861896603,540193,6.30E+11,27639804,NA,NA,1309578028,2647,1439385203,38276
경기 포천시,1278199984,60043,617369227,330,2.63E+11,1663212,568591322,34030,2173159489,81792,258095806,3799,25732718577,593242,3.02E+11,9981726,NA,NA,275531292,1723,3868542454,190298
경기 하남시,278538295,1753,40278552,91,64561404603,1982835,3826034249,238626,5983063084,299351,7187912881,32513,7573207865,141327,5.43E+11,21813513,NA,NA,3199876984,6657,1695413318,50456
경기 화성시,184122906,6537,868847857,27824,1.42E+11,1501392,4443011632,251748,8973349137,370609,1423896975,45477,40061194190,627419,7.25E+11,39656959,30700,5,886774488,1277,4806226981,80763
경남 거제시,167164346,10531,1043492864,32901,19156837957,218188,998766640,59579,926799076,49695,927392833,59485,1.31E+11,1699416,2.68E+11,9451292,NA,NA,178174310,386,9605458092,510919
경남 거창군,25601520,290,28313790,160,8627960691,85679,1227212384,63371,165031436,6205,59871806,1307,3216050696,51595,49223015739,2559363,NA,NA,208774965,491,91467052,1633
경남 고성군,434700,65,1139115542,42664,9207783372,55622,175583262,10283,626812207,85344,15297954,467,3003385300,52010,37858117281,1774882,NA,NA,140075368,1715,734799332,21814
경남 김해시,1514233398,51698,1545610249,12457,81002883067,936226,3171361875,155488,6775870822,255868,4333769894,26555,27859805776,423249,3.97E+11,18702843,NA,NA,2332365356,8679,18117207848,310576
경남 남해군,1324997064,92760,231628346,9742,78364074745,304360,68866552,4488,205407167,8912,19897053,458,9846597197,156761,1.08E+11,3092231,NA,NA,1255785960,58539,6562204589,490218
경남 밀양시,418318530,21412,NA,NA,32046975531,301794,456245459,23573,301337328,12444,83036915,1790,6187994699,83189,84844861781,3068603,NA,NA,2386429184,35137,3910337617,108872
경남 사천시,153493510,8096,215873050,3470,21463971780,183408,1095886698,54002,441558463,20928,99982220,2687,17910709269,217084,1.10E+11,3627266,NA,NA,3323075796,11382,1556095745,20812
경남 산청군,14133925,156,NA,NA,707835830,19819,139684624,8968,14193770,197,24127335,341,2506353945,35121,29307091797,854717,NA,NA,178078721,10434,167105750,3990
경남 양산시,849379755,16849,124524452,4610,1.81E+11,1532874,3219268845,194639,10930619089,604557,773679765,15372,20252041136,340227,4.38E+11,20584953,NA,NA,4676206476,16869,6803617701,107134
경남 의령군,NA,NA,NA,NA,984566054,15191,90459596,4320,1401581,156,11157170,81,1025011575,16690,13792333746,480768,NA,NA,1153670400,1567,265474635,6668
경남 진주시,111325540,351,959990720,3957,6362967945,152659,1863939901,94142,4304211137,175855,873869326,20130,21331667448,271505,2.30E+11,11590817,NA,NA,542793411,1162,353898045,8367
경남 창녕군,116934332,11280,988650,15,24823367635,151601,354109958,17852,58433984,3028,16086730,612,12501534913,218280,60093511806,3080404,NA,NA,261461265,1424,693802373,68994
경남 창원시,1991619156,71763,3373477143,60774,55832892826,780750,5379690240,304518,7293684917,388308,3004456662,54532,66125298070,994774,6.83E+11,28814929,18599632,429,4373872645,6884,3097111945,87368
경남 통영시,641053926,39670,727213624,12169,12226425327,82953,799377210,40740,768322744,40114,1119553167,6508,54275543975,883089,2.08E+11,6962649,NA,NA,41405380,173,1071868022,104057
경남 하동군,374129688,13694,38273830,839,1553509313,27076,313589459,13888,42507287,2192,5494615,197,7879384288,103234,60940921686,1883426,NA,NA,221832970,1648,2796400631,103128
경남 함안군,32331974,1535,28174600,26,5283043694,97915,290128988,7980,87433189,3000,5048190,267,1867522041,28876,48783184072,4077206,NA,NA,889730111,1000,179709685,3502
경남 함양군,20798117,1856,60503602,418,2383647428,25419,237901335,12898,237917799,6122,16847600,541,2954895997,43186,43100959861,2415635,NA,NA,146266540,418,409457288,5850
경남 합천군,509510418,29258,NA,NA,21604091601,190764,259255187,9463,139482940,7978,11271460,260,4762373986,53519,41805239160,1114579,NA,NA,4773060601,238378,936087921,49586
경북 경산시,100114518,571,135968666,674,71094958257,794914,3344006573,154939,9427497385,303483,1353656263,36917,11268149964,262286,3.66E+11,20628362,NA,NA,14716737755,101563,737555078,18710
경북 경주시,4144681507,261312,4621878599,89777,2.22E+11,2009823,4385979679,268773,7456437438,360814,2274513030,159628,2.02E+11,2431030,7.24E+11,31310504,8800380,198,10625872544,492648,51616300680,2191882
경북 고령군,30574030,121,5634500,8,32213542828,287138,89375604,2769,106200234,13919,12362570,430,749543681,18339,33397579167,1301625,NA,NA,215986100,193,275608802,8034
경북 구미시,63047812,954,1246122050,5039,8.83E+11,561277,1454317683,93422,3807979056,176111,1124389045,29568,30275819124,506692,3.34E+11,16667056,NA,NA,995067819,4419,2023610645,48871
경북 군위군,22961960,1885,NA,NA,34172392216,266371,765373220,44666,33162543,2532,3068320,111,658233196,8754,55810115665,4727025,NA,NA,404256254,272,840395400,46373
경북 김천시,108219624,1009,30697248,195,13809473596,168963,639519782,38400,1849166061,70494,138363300,5972,9091298401,122824,1.33E+11,7834619,NA,NA,1109603568,70075,436367608,10168
경북 문경시,476358409,23319,95462503,2851,21049579380,116783,344225289,24694,1158967069,89241,63309359,1836,13237719312,201087,1.38E+11,8241745,NA,NA,181868623,589,5143689783,207332
경북 봉화군,278648166,9985,NA,NA,66442081,1521,19679704,1611,25970941,1011,6580830,170,2033926941,47364,23772454532,678646,NA,NA,125289320,120,60567148,414
경북 상주시,57902970,290,22959660,130,32838418476,228445,685562293,38885,163495738,14737,97415223,2991,4840296287,74612,93153734233,5586640,NA,NA,410764340,308,330517207,12255
경북 성주군,49898599,3121,NA,NA,961215080,14987,341079286,17131,16002160,952,27855251,699,4044113467,71708,55466046019,3474309,NA,NA,3905162677,2451,319779563,3624
경북 안동시,657790270,33244,242129155,6111,10882289810,149092,598038613,42970,2714302487,100195,378392277,14939,21354925290,228680,1.91E+11,8274056,NA,NA,369209840,19464,2510987931,76354
경북 영덕군,111896820,13147,17095616,79,20995819659,156585,369314500,23368,44733166,2737,13803130,335,9430513808,145606,1.15E+11,2394153,NA,NA,1788346420,988,145765836,1656
경북 영양군,NA,NA,NA,NA,6750617,213,6347688,492,53240220,639,5123329,152,1114540251,16355,6276550099,193249,NA,NA,NA,NA,27334300,176
경북 영주시,154781155,5152,52219040,520,1538146034,47803,271061471,17025,1087537762,40286,171723247,8489,8620748586,122318,96415907982,3920786,NA,NA,456429876,67449,443709410,30288
경북 영천시,28885535,261,198284150,1867,58016248067,582434,958821089,50549,181747656,5518,45628655,1456,4866818448,86601,77834332327,3117634,7647900,183,4983253504,17205,398888680,12730
경북 예천군,NA,NA,NA,NA,9824455361,72116,447173122,14529,299464435,17498,18513430,730,2636701434,41816,41079692779,1417154,NA,NA,287140815,570,384652108,25003
경북 울릉군,466757085,30541,2595681482,30221,139786703,6649,37153175,2180,4521960,55,NA,NA,5747582930,66839,32181032949,780773,NA,NA,NA,NA,928064789,66273
경북 울진군,122442641,2271,55574860,355,497972909,17486,407676250,32753,196647394,14187,31930355,1094,24485678260,544710,1.03E+11,3242751,NA,NA,10042930,166,12204950552,341862
경북 의성군,NA,NA,2455690,115,33558574951,283112,399691220,18219,4393305,306,8244765,224,2046660565,29859,43753254715,3721208,NA,NA,626012065,4211,53371910,6052
경북 청도군,324630503,15453,8469060,74,51531576880,424085,1264751107,55210,319886848,20060,35942408,3424,3851774546,154353,1.12E+11,8195071,NA,NA,2122176874,38547,6886183839,132755
경북 청송군,188776675,872,NA,NA,43560016,1313,4414795,623,1521501,10,4701160,202,19023618221,306866,34083255976,1082942,NA,NA,1739745450,143997,1016070633,123749
경북 칠곡군,290079690,11316,41880114,1085,42434856246,539630,1789373653,88620,505647841,14523,53607818,2596,5585322050,114652,1.72E+11,8673857,NA,NA,1662138395,4325,2020796342,104159
경북 포항시,712079883,40833,4529682407,150603,25553007065,453076,3602465961,199876,6136809901,703427,1431105371,59967,48584445582,681196,4.67E+11,17362801,NA,NA,2498243145,57897,1852394999,37471
광주 광산구,53082871,1126,2752013578,14870,22909930277,403177,2165229273,145299,5376122241,230418,2989385874,23908,26931060328,447910,3.04E+11,12618882,NA,NA,460413965,3680,1922706488,20605
광주 남구,13533435,477,92437377,419,2183973239,67218,487029316,31032,2352453468,65983,546152982,6960,3065280810,53418,1.03E+11,4355115,NA,NA,199700861,189,805340495,24164
광주 동구,142558250,2099,325040210,610,2231030225,92878,301733648,22735,6433910450,238006,4280607370,56551,12439366058,199894,1.74E+11,9138095,NA,NA,1330136659,3235,968615109,16325
광주 북구,448102178,6364,364532386,1195,6632174116,192563,1648310412,84831,13093899720,252912,2673116528,28895,14790355322,291113,2.54E+11,12814140,NA,NA,1234901898,3292,2924899564,170235
광주 서구,77607119,381,4328713742,140330,6625937035,191466,1542528009,108269,10001018121,328416,1871594414,19786,40241253843,573181,3.39E+11,13107941,NA,NA,643648566,6408,543263757,8043
대구 남구,101350433,244,412268894,3858,1492990763,56022,831517073,36183,3887998401,46342,1750558239,6107,5011614166,80114,89954363792,4411742,NA,NA,5943482960,31115,1796649715,54088
대구 달서구,964739551,2251,1521614006,6762,5628813703,167214,2852578457,165308,5197236166,180619,2557701094,21543,22262235096,386913,2.64E+11,11435857,NA,NA,721494034,993,683462283,14331
대구 달성군,429362361,1014,7213900,35,3341385060,90045,1765607884,50914,745312335,33037,261065899,4871,7242691954,105549,1.40E+11,6931380,NA,NA,609796480,1444,5313549199,166932
대구 동구,890864980,1350,4675337033,17759,7296966394,143091,1585452033,89298,5050780925,301476,455654748,18848,41840816897,467250,2.68E+11,12732584,NA,NA,4016665806,51837,2716981389,113079
대구 북구,99067774,1430,554446472,3031,4569399597,141978,1194908620,73253,6618409172,212890,3176256556,49525,17065581696,227708,2.66E+11,15742565,NA,NA,2837669162,4809,979554436,12913
대구 서구,50575523,429,329179117,982,1349654454,35048,720465167,23580,452184157,18995,335277172,1914,5036350295,95088,51210068275,2040859,NA,NA,947912817,1940,168409600,1732
대구 수성구,24393198544,319316,791427322,2736,8281080784,257258,2258027875,128405,6366474089,303780,1993947518,20006,48508147093,429928,3.63E+11,13326615,22950565,2526,1085562550,2722,2156324422,93876
대구 중구,365017694,5401,36024698,62,5237424734,156819,769561814,57946,17313015086,609791,9331386346,180984,23199410556,293585,3.33E+11,17094725,NA,NA,814932342,3170,2872558492,95429
대전 대덕구,45167573,321,307601601,379,3064887076,124769,383398285,21943,4187148818,79336,363593983,4761,11457310739,197089,1.63E+11,11139604,NA,NA,389093375,1302,510783028,16804
대전 동구,392033144,3363,8.69E+12,324423890,2495320831,133255,2164493572,130397,8478271108,417715,1872774911,16228,13817796162,234665,2.09E+11,12915477,NA,NA,863317200,1984,833680867,19855
대전 서구,241805398,3170,1233032142,2791,19895131701,459380,2459540093,138214,18324300426,596539,7740754218,75418,24220101297,400864,5.46E+11,25561238,NA,NA,2862505939,6911,2148514174,39492
대전 유성구,452599269,14870,5335179075,7795,29354994395,1061479,5043688330,295686,12981294930,599900,2787868195,45772,63798366520,715328,6.37E+11,32398360,1839600,5,2071239441,4967,1094741712,15432
대전 중구,54005236,1601,7046255596,9072,4307470242,136650,968994742,58865,7204645846,340159,3365917195,78880,14203456171,307118,3.14E+11,16320824,31603220,277,4271413097,10056,10101519332,392645
부산 강서구,1.20E+11,1327300,9.03E+11,7924411,14075607565,260735,1767868517,74680,1314680385,57918,92707614,3416,10329062864,136571,1.72E+11,9843961,NA,NA,108091600,225,906706700,16020
부산 금정구,302458518,1507,66797835,184,11704161843,126663,760432494,37374,5522614815,185046,1182087007,25256,4993608144,94274,1.79E+11,10331094,NA,NA,1611425074,2170,548057091,12691
부산 기장군,22625390,98,42001165,345,30310102044,463213,1069294092,62780,3531582070,174373,475917864,4805,1.31E+11,1222752,3.36E+11,12043478,NA,NA,4445518081,76863,2581956127,221369
부산 남구,215558177,2365,2697750,49,9083099342,208823,1120330762,46901,4336424568,206112,955475461,25467,9599392891,274926,1.62E+11,8855786,NA,NA,1366616425,1721,448287270,5752
부산 동구,11155133158,164962,8430572142,135560,31398434824,220413,830958624,57746,1190024372,26504,189010099,3256,18196857830,277972,1.01E+11,5500484,NA,NA,1669679906,7316,210589902,2392
부산 동래구,8367355,254,1083370391,7485,2343885501,71473,895144150,61225,4131970032,157549,447863391,9471,24202419123,458443,1.56E+11,5992452,NA,NA,647327425,1132,400119458,5597
부산 부산진구,25389427615,84543,860751209,5943,7705029311,242716,1885597909,98547,25190508211,675328,4698400810,138273,55025177132,591363,4.42E+11,21219094,NA,NA,14426651358,10518,4067485463,346290
부산 북구,7752746,536,47051390,179,2365480012,78911,824252410,45702,2113832496,82809,503887392,9443,7113774311,139575,1.25E+11,5550867,NA,NA,499447826,1392,275205991,2311
부산 사상구,141082869,1360,509195361,40347,2359898918,91310,1228308921,78850,3447867828,116225,1047964141,5377,10362283523,203815,1.28E+11,6363335,NA,NA,1132389303,2615,310161475,5480
부산 사하구,337933864,41746,241004034,774,1626542598,64345,895023515,48564,1842427120,97838,731080137,14721,6297516395,100053,1.13E+11,5535731,NA,NA,813139849,4266,466291587,22225
부산 서구,12006910,123,25100650,433,589752785,20249,499203176,25417,992665432,16053,976817864,45454,12121824465,141083,70304945913,3673358,NA,NA,672649012,603,29366222584,827423
부산 수영구,502328473,29960,76874380,443,5439593430,98224,799194404,47198,3105365013,122242,1864853643,51557,26084248072,375281,2.89E+11,9827827,NA,NA,560447410,416,2245146199,51791
부산 연제구,35534792,172,205175538,775,1579776928,72422,589285875,35606,1818614588,51013,650350399,6181,6750436205,110412,1.05E+11,4410387,NA,NA,10693461177,10860,1139233686,3183
부산 영도구,90467452,6678,687748804,19170,1157591090,26996,328265839,18637,1699530078,88292,58426988,2361,11902476758,114473,66356555391,2998169,NA,NA,199099000,156,806410352,49330
부산 중구,928709431,24618,1389812054,23234,1572130159,52993,457386947,14374,3578368571,163522,2007237068,90726,28310004581,334513,2.07E+11,7756831,NA,NA,691401460,523,3317284289,110856
부산 해운대구,18429901482,213843,71001306724,1496981,7151504434,409413,4774694495,275010,7738023568,374461,9180920207,168225,3.55E+11,2642380,6.95E+11,23659604,NA,NA,862993922,3045,24605197162,1176983
서울 강남구,88019769612,695327,1.98E+12,59203157,98667513116,1878881,16554786373,816448,9.08E+11,35250425,1.11E+11,792079,3.48E+11,2594645,3.96E+12,200133396,NA,NA,8486777878,43334,19871184675,592674
서울 강동구,559517267,1715,7370509942,14448,11233140278,392853,2194222158,212484,15170360764,517513,3183482997,86155,16994980265,361761,5.26E+11,27932166,NA,NA,2998979632,4964,1408687001,22087
서울 강북구,7632921,113,1519821257,3038,3905370029,152545,841195380,70455,4416140418,273280,756267649,17010,9760981928,220555,2.29E+11,11303201,NA,NA,8148007234,84703,630173702,19627
서울 강서구,27097852803,285882,4.49E+12,26997666,33737381791,790020,4189610453,311157,14497888913,874250,4650498209,79762,68642655516,785712,1.00E+12,55614594,NA,NA,1593813598,4816,1498377797,22897
서울 관악구,34195227,502,588364747,2378,9331181434,367573,2167370462,183211,42380710402,1166047,3529932646,94936,25088830861,547798,3.32E+12,52694537,NA,NA,1760027782,16223,829003825,23377
서울 광진구,88406846,7185,36952650812,2930763,14283332486,676474,3708450169,214642,43062322556,2162026,8208972959,146783,85824168662,722183,7.94E+11,49310101,NA,NA,2442351046,8503,3843246470,211594
서울 구로구,506000,5,4.68E+11,38025574,19369724544,677320,4285241865,312518,70248796123,2564182,1369107882,25682,34323344367,394273,6.74E+11,41092729,NA,NA,919597254,4232,852535656,9436
서울 금천구,498899628,37853,3186555671,42113,14822495661,526115,2768977210,225522,18966428201,330467,3453694709,57991,19901999650,258808,5.44E+12,36961271,NA,NA,839890567,2791,789554511,23730
서울 노원구,128011792,3410,1255721281,10539,20040312366,594979,2384195773,208136,18313019760,845961,3826798278,99139,8097191627,172900,4.49E+11,26587027,NA,NA,900262589,1971,1578106246,44591
서울 도봉구,34909300,37,722333727,2543,3430182254,138212,1212139413,99191,2538349243,79883,1231951575,17260,3066111245,63736,1.97E+11,9750504,NA,NA,2270084784,12689,304263058,2904
서울 동대문구,574491470,12422,764643424,1361,4968270950,217227,1580740674,130660,10074728917,341411,1090895947,50276,14896382143,256069,4.51E+11,29741491,NA,NA,5780102486,4860,2569854591,17280
서울 동작구,103327830,2965,493159695,749,6845621391,283276,2074858162,192063,23805706051,884090,2067861779,61935,9081636591,170858,6.40E+11,51280741,NA,NA,892190516,3621,1009560975,20029
서울 마포구,392822582,9540,2922216707,10053,24936139130,820042,5241250052,390504,1.30E+11,2809514,19961341891,639374,71679650255,693500,9.42E+12,108970839,NA,NA,2375511031,19009,5321749133,121856
서울 서대문구,1049860484,28158,606459733,1493,8317631753,350543,2714970679,197463,17700764222,1130450,5365075028,508599,31457801021,474448,7.12E+11,54889158,NA,NA,2846927081,4154,3053895807,69073
서울 서초구,20373288996,67172,9.33E+11,77251433,27304316700,774655,8858506121,546030,1.36E+11,2757607,16719941664,195279,1.19E+11,898398,2.15E+12,115503484,NA,NA,2091521134,13116,9930184658,128346
서울 성동구,509257,22,3997916684,31815,9901856219,318107,2384243762,188741,12956168217,665054,5638951229,131889,9006876676,192186,7.23E+11,49501523,NA,NA,1000018570,2603,1981549357,24534
서울 성북구,1215469447,18496,80815698,65,4706344632,226078,1803672243,158214,77356380800,554699,3411409265,145815,9410184930,169702,4.02E+11,27868473,NA,NA,4312001664,41957,962584105,8275
서울 송파구,48043881078,169607,8565768512,15419,22057102986,717055,5557724548,355575,31385413007,1477750,20047407761,138729,1.30E+11,1359765,1.33E+12,70746068,12988800,4,3957928704,11839,34452154697,3867244
서울 양천구,129211204,4513,664760433,1547,5252407173,185781,3214687566,241997,11947050531,386083,3315320944,79978,2846353436,58486,3.50E+11,18302996,NA,NA,1171532462,23775,5040498985,167048
서울 영등포구,2557948796,52365,5713847494,14885,18804635471,636972,4180668053,295511,4.53E+11,18268384,5597261839,95786,1.53E+11,1486099,1.48E+12,77052256,NA,NA,1102064862,20952,5008617137,170448
서울 용산구,17259945917,489048,17786411172,18504,9280342495,328687,701269998,58640,4.75E+11,29053401,13478428727,157914,1.14E+11,889171,1.16E+12,62714714,NA,NA,3660078559,16380,4930797466,45012
서울 은평구,71621637,725,439174670,676,6120352509,227449,1930732327,172331,8152958100,336396,1939567880,35553,13109965337,254441,3.82E+11,19560841,NA,NA,4784831502,51446,3921630604,208567
서울 종로구,59620548211,1057117,1.42E+11,240566,10326469673,428914,2597671178,228404,6.54E+11,25924602,9784651091,302686,1.39E+11,1144141,1.71E+12,94562090,NA,NA,7489089567,68071,28459539252,553534
서울 중구,1.86E+11,654574,1.14E+12,1264580,11666122415,422061,6170454908,363532,3.13E+11,2286337,28063001887,220458,4.20E+11,2288046,2.92E+12,271631491,NA,NA,3267746430,56147,16279941739,368843
서울 중랑구,201111035,339,516886201,1769,3761951021,153599,1826431541,148217,8535802965,214602,2303176485,24367,9650694886,223990,2.88E+11,13582457,NA,NA,2078936719,4223,830559969,13835
세종,235658589,2427,179261757,4564,49541424302,661592,2378647112,178744,43519003393,454552,1581916695,37346,13466520007,198424,6.43E+11,32221000,NA,NA,1864969512,3381,880164421,35901
울산 남구,420118210,28080,776302324,3791,6597178522,172572,2642917047,132169,6553626313,308835,1684289714,31832,43106157488,567267,3.17E+11,12975333,NA,NA,1744926464,2024,792760154,16910
울산 동구,46506975,322,176169630,880,1486460962,49133,824461945,41461,505938951,14729,96523111,4008,11969417995,436485,98302354199,3841947,NA,NA,119765530,370,172056485,1984
울산 북구,37502000,34,2653953973,10013,3399182467,89009,1358818898,48298,1387622649,73051,183392000,4736,9231570293,124610,1.07E+11,4443920,NA,NA,85121900,349,417769448,12107
울산 울주군,144184975,1047,264219735,1384,68244449843,671372,3413171218,167801,1723255022,49902,322838930,5255,15343671711,221573,2.98E+11,12645541,NA,NA,3138860630,40069,2999142849,73990
울산 중구,704286943,3268,543952309,488,1485327473,50751,1031153407,51901,1005065796,31393,615233235,16679,6487491220,84371,95361946085,4102392,NA,NA,1272373149,1860,537689570,9746
인천 강화군,649733125,16656,610800,5,22787718020,217801,2084265730,99195,2626501424,70217,315855560,3030,13627992803,275737,3.04E+11,8306143,NA,NA,15078450618,603423,3518055775,156028
인천 계양구,26965358,4125,194437185,456,15261738269,517762,1347518481,114547,4376450023,175278,2071942194,18045,12982624994,262973,3.02E+11,13465384,NA,NA,2884769420,10577,1397043077,63506
인천 남동구,795289018,7914,673448992,35570,14359282800,538020,2169586505,157527,11754243493,486006,4276406023,49534,29443691744,465089,6.19E+11,27142401,NA,NA,5172435928,10278,1974909641,32482
인천 동구,406105,10,277485900,503,125463348,8372,141733655,9777,578601225,14739,41599280,765,1138896693,14736,29001613336,1638875,NA,NA,99980325,561,929465499,3639
인천 미추홀구,786662590,24112,5434421473,10077,4474292398,186948,4966324763,276234,10134794709,231902,4457412976,33442,13548326622,286165,3.35E+11,20494873,78350489,1134,3767283022,4808,734294571,20480
인천 부평구,153597906,2139,1437986209,2612,22872813279,758682,1865258967,126947,11033412658,393318,5181509970,88005,23493675046,597851,5.65E+11,28235083,NA,NA,2329808875,5699,1503183221,19162
인천 서구,121117548,871,9275656363,586011,80294883398,928792,3330322120,252096,13985837066,233072,1545177439,29034,19604210096,351766,4.90E+11,23299427,NA,NA,1757499926,3119,1404095549,36610
인천 연수구,88214284,2663,6372361795,7766,53512497673,841761,1937922025,144139,16956860271,530021,1557851782,27916,80879838443,607017,5.58E+11,24758919,NA,NA,2099447301,8330,1030376453,53614
인천 옹진군,9936630,175,315654599,4189,3458450893,75177,23885155,1836,4180300,297,77034002,4548,7940351295,139550,83808922451,2479953,NA,NA,13917410,67,1366642021,44374
인천 중구,1.74E+12,15955090,2.34E+11,1832914,1.37E+11,1174888,1551302243,109450,14776486683,683322,905835514,57718,2.18E+11,2071870,9.56E+11,50670488,NA,NA,184769391,627,19699854331,1207538
전남 강진군,143333231,4892,11459200,91,9932841829,65899,61739986,4951,169560614,7580,31104895,422,5323725724,48425,36783835378,1001628,NA,NA,61606925,368,710533625,8311
전남 고흥군,2808820,225,125916987,1327,521764125,12687,103504935,4819,95373744,5792,38155450,653,5825300650,98721,42545421016,1358597,NA,NA,22906500,30,150955699,6417
전남 곡성군,20975100,187,NA,NA,26180676802,255422,13722556,1371,195422056,15099,59519746,7243,1691116744,33074,50654733700,2915222,NA,NA,221107865,8362,3142481106,179287
전남 광양시,43689028,278,341055934,8637,4071693538,132622,377658648,24020,927292793,43562,195394406,7401,15959803482,211646,1.48E+11,7073139,2884259,50,462850370,345,947464174,47129
전남 구례군,105750210,3391,404114189,29163,239641717,6726,1525750164,69269,94884915,10958,22412668,480,9863403352,124731,43139506159,1497304,NA,NA,5088047591,123183,337093183,13387
전남 나주시,56637945,470,377020979,1028,63305991000,659306,1753552938,91198,1996295464,88561,127612175,5419,9517241175,129874,1.84E+11,7757711,NA,NA,125201950,286,7621527665,172532
전남 담양군,823142728,19010,28245070,71,21907054918,217168,973839677,48039,1029270284,74360,133745000,7971,3982199914,57957,2.61E+11,8392195,NA,NA,249313500,154,4588909592,320330
전남 목포시,239471444,11139,2376397601,16699,4188663874,132026,1002047963,70704,2914280097,148235,1134284795,15606,33848623227,518147,2.90E+11,9947411,NA,NA,237937337,1547,380413502,6763
전남 무안군,9032655,32,3503780,19,22320442335,231698,221192300,17836,1216716969,53441,141630676,2991,5089947439,92097,94788234374,4292240,NA,NA,1022000,10,388950636,5028
전남 보성군,168726217,6016,NA,NA,9302506409,32084,1072419146,46095,1930223265,174217,18301291,414,4934094352,96690,52504649170,2008383,NA,NA,284544816,1008,1120034855,66670
전남 순천시,555974352,30346,1628471593,10212,33607830199,325345,819118438,56954,4128675182,304111,1239406419,18510,20258447505,330045,2.64E+11,12192213,NA,NA,995744025,35677,3938143541,173201
전남 신안군,67015340,3896,630440348,8408,29434225,957,NA,NA,208504425,13493,3786180,145,11902780177,228806,25283480143,624630,NA,NA,NA,NA,418262193,34942
전남 여수시,5667742794,287078,5172586073,83707,32055539616,334150,2584291203,129508,4049464573,276404,618396876,24750,1.53E+11,1777425,5.67E+11,18281192,NA,NA,6526659458,395302,41169774991,1692648
전남 영광군,256691960,8298,30215430,131,17732296076,136952,167710622,10033,375132633,29564,86475150,1284,6762319181,77423,75561375411,2259943,NA,NA,NA,NA,719751215,4803
전남 영암군,341920,25,NA,NA,36680002772,276999,202960785,13431,326160327,12390,5054510,251,10716964199,109095,51833168242,1779624,NA,NA,57205240,243,361472359,18045
전남 완도군,NA,NA,6403859814,217936,384291061,9671,151583393,11894,38714895,2950,15401950,389,8367055697,121326,45909546038,1283961,NA,NA,64689400,63,346830938,44494
전남 장성군,97047460,2624,117543329,107,38267727353,347858,160962911,6931,19782427,664,82244967,4935,2708545526,39029,89646044059,5341198,NA,NA,2626725897,120013,611071734,53717
전남 장흥군,NA,NA,NA,NA,17928871787,116828,56227105,3927,93468906,5577,37657215,718,3017693020,51335,31180760381,1031462,NA,NA,NA,NA,530609905,16780
전남 진도군,388415,25,43709950,543,79386094,2220,205819982,7173,91714944,4727,18121089,1056,52795491366,727233,32238382704,932548,NA,NA,NA,NA,306370005,45353
전남 함평군,NA,NA,16505026,2021,16990718401,153894,385585775,11126,11107715,392,20834685,961,1348554042,26015,44143756592,2533564,NA,NA,33793490,2303,921687383,78107
전남 해남군,152766807,8667,70678650,549,29192788015,89859,273539606,16481,467561657,39369,63634355,1044,8719563332,94485,57668429124,1741769,NA,NA,1033764790,52918,443120414,16716
전남 화순군,NA,NA,169161076,1123,65734416625,509850,350704425,22794,202592471,9597,36122265,3104,8214282112,235801,1.13E+11,4090310,NA,NA,238658199,12688,5496023052,149996
전북 고창군,111346570,6475,5411720,29,39103325696,253238,138256445,4527,384148149,38605,41184360,719,5516866214,89367,82607717855,2257259,NA,NA,2061702270,117585,3474306916,133336
전북 군산시,975993022,39030,6.89E+11,3790650,44396075735,453514,911084101,62786,4937480841,312179,996444479,27388,33872278317,466946,3.70E+11,16516047,NA,NA,743959605,1215,2938435460,62794
전북 김제시,85787722,1746,512224904,2871,9146358466,100891,185905779,13080,101776397,4085,65908069,1122,2546419831,47316,35200385596,1224290,NA,NA,1106900123,43859,436820820,7605
전북 남원시,1587751544,25243,46448820,360,21984439803,166469,863884220,36481,531657483,19180,179330142,2101,16152799269,213513,92536778177,4146469,NA,NA,472299470,2988,3177903638,83610
전북 무주군,484596866,34617,NA,NA,16646469568,133279,46646569,3417,374157585,28517,13455043,522,54832468312,868490,57484908889,2078489,38268452,4081,NA,NA,1709820643,83517
전북 부안군,140022500,5711,37758727,3232,764643410,16689,715783635,27393,763681804,28889,57228120,1603,45422094189,693609,86819398094,2285772,NA,NA,1417223235,135939,1167637411,17588
전북 순창군,NA,NA,NA,NA,3816858161,66747,129776093,7146,43504237,4381,13962646,302,2455612276,25438,37461110726,2063841,NA,NA,24450000,4,1652880570,125021
전북 완주군,102159607,5481,151071550,778,3668133293,65227,580266867,39240,804004201,33151,43049611,1717,10257951021,176683,96232420735,5060004,NA,NA,352358525,3448,3550758593,135348
전북 익산시,164320384,9977,392274003,3161,22202932851,267866,854349018,58214,4125413975,187123,617765360,19870,15057700303,219734,1.99E+11,9023749,NA,NA,620918997,5274,829197876,22099
전북 임실군,8692000,115,NA,NA,4484790156,30881,65135329,2032,55760168,4764,2507090,190,883751044,12225,47911408505,3939195,NA,NA,34258100,25,1230770290,32953
전북 장수군,984000,4,NA,NA,10324893754,68129,66595276,5230,27113045,2363,6348600,160,784127180,12054,12659519878,388929,NA,NA,16919710,17,30245310,1075
전북 전주시,2132913916,145622,1180203733,4062,16620181663,458332,3501294351,217707,11658212734,526633,5505805975,172506,55942224732,753530,6.39E+11,29879044,NA,NA,1336604070,9539,11233791302,792543
전북 정읍시,105154837,2437,443190261,1173,14907473990,128398,727105795,53394,523257905,18692,100136048,1963,6907197128,104707,81137954740,3637003,NA,NA,1127806754,85113,387721979,32227
전북 진안군,100287100,2061,19581640,1074,7621625304,65146,NA,NA,15090980,1326,2833185,132,2476924279,37509,22996840809,1250224,NA,NA,464779830,52594,232193328,3467
제주 서귀포시,1.45E+11,2298676,5539301311,72819,1.69E+11,1505010,1027263493,73282,41135371658,1489511,2006959573,56178,1.11E+12,6847159,1.32E+12,39114586,NA,NA,2026050668,35568,56733794071,1744271
제주 제주시,1.74E+12,25717998,1.33E+12,11538793,1.69E+11,1328844,77162147977,612503,19335725993,979169,5841121122,145691,3.53E+11,3416762,2.01E+12,71051065,NA,NA,1293694378,21663,48387213482,2101758
충남 계룡시,4893580,217,33955941,96,26981551912,671688,475140779,25972,321247265,4157,60492918,2058,3361281968,58777,64407134298,2785152,NA,NA,160718225,275,223178355,1656
충남 공주시,1600987754,39148,620523392,2368,29033732831,373712,1330841249,78369,1688853294,83727,267866792,15572,15326457510,272445,3.89E+11,28371327,NA,NA,6127545138,336620,1903237005,69915
충남 금산군,92986587,2219,1143063089,1814,15584621302,119839,409068045,18246,1130628152,25273,800125386,3555,2942751886,60167,1.11E+11,6828462,NA,NA,129237050,262,1010629613,4841
충남 논산시,6338540,145,371884425,887,24489488130,332962,1287217155,45249,1567055088,64791,284634339,15748,6704344384,118962,1.75E+11,8117474,9519000,5,2122497824,21973,1499838199,28476
충남 당진시,54729971,2262,1094813909,19542,35542862333,452469,829557337,67564,3053657586,164351,385914024,15318,21531377421,318280,3.57E+11,16046206,NA,NA,194334070,947,5772297300,362237
충남 보령시,1627108673,83255,98792861,694,9092966798,226469,1038819102,54176,802576064,41568,487036165,31821,60141119759,855047,2.69E+11,7157982,NA,NA,1436169610,1678,5260774258,253976
충남 부여군,697033333,37396,938980137,38208,35718134003,230356,184207161,13383,355076475,13080,57522810,1260,28843979329,386692,84159381369,4193464,NA,NA,165969435,5394,540041815,35881
충남 서산시,19855387,686,1853426713,5082,8339922065,469441,1982787905,92493,2630046122,142583,638384747,14910,21064656208,324321,3.13E+11,15683567,NA,NA,1248641542,26484,462903653,15677
충남 서천군,2200900,9,5101430,101,1303904976,58174,84324465,2665,536144983,81663,24804035,634,5710472826,94225,89060541735,3582751,NA,NA,174785891,139,3823071802,330810
충남 아산시,8928090,779,211611873,7246,40291365170,496292,2110404710,135976,3923917170,217056,1619563056,19703,44531637521,892367,4.82E+11,23749969,NA,NA,1991152215,2474,2827399702,108547
충남 예산군,859542827,36979,74181361,15657,1015295466,39273,1153601680,55890,247802977,12545,109481284,1844,11130620557,277974,1.32E+11,5074951,NA,NA,2662717070,199250,3872027354,115747
충남 천안시,1079572630,12620,5198771698,18949,96496681037,1423406,2678229629,212812,19548517500,973673,8866233565,838315,87406782189,1493690,1.74E+12,66101690,NA,NA,5779395750,6803,5811566702,133304
충남 청양군,NA,NA,NA,NA,185141558,7798,24725182,1974,47099572,2703,17008660,281,1720957733,24434,25425831153,914026,NA,NA,NA,NA,60404705,628
충남 태안군,74520100,6271,4039620691,24001,82630365561,620417,544745413,32675,3475320054,141840,49170690,1630,29717063192,481913,2.03E+11,5506911,NA,NA,7313475,110,88781235683,1480749
충남 홍성군,19659950,297,400374455,10466,1451351513,55112,665043035,38965,1088793513,58752,129898684,5122,6439177462,108450,1.31E+11,4608091,NA,NA,323373195,482,1029573629,55078
충북 괴산군,784530,59,1660925897,84503,1169596184,64265,17214715,1575,452658700,32564,20770343,926,2937199625,51688,82780084412,6975254,NA,NA,50842700,98,513816200,9372
충북 단양군,461920690,13301,1603535888,51481,22384406871,142409,71505904,4080,1510966596,67085,33610373,1377,36851395085,550795,1.24E+11,5246068,NA,NA,24036106,452,14463757713,603641
충북 보은군,72229690,1005,1260500,10,30046275900,216452,298987225,15409,19439076,1263,13099259,493,5541184411,78972,40298722880,1590036,NA,NA,2977253021,193140,388484052,9968
충북 영동군,6068823,848,NA,NA,5288447064,142575,138092112,10947,321088131,12202,65619925,2691,2462819264,37828,58517130655,2949607,NA,NA,608449210,7155,225186393,7124
충북 옥천군,63370120,271,183515920,304,1776693274,39227,56637520,5991,219328687,8701,30189991,1161,2979582559,52047,99638695893,6412662,NA,NA,136859505,348,1630204293,36485
충북 음성군,NA,NA,60016830,121,9.14E+11,994458,973546731,68555,6838286449,59440,71728976,4208,13392811042,193678,2.28E+11,14435939,NA,NA,1026623897,2078,419830131,4147
충북 제천시,79483150,6341,112308808,938,36865192852,426657,500314815,26953,2614659270,117088,680605214,27181,20236530059,302448,2.42E+11,10725102,NA,NA,1669045744,13797,3675274227,152017
충북 증평군,56016120,985,28313130,200,913472135,40686,255370253,18158,280641425,8831,57016505,3338,3082828806,48863,54431346760,2100770,NA,NA,143582010,290,9413062818,149538
충북 진천군,9519294,414,306806577,30302,1.38E+11,912217,249395514,20526,287900150,16061,77354179,3537,8976031330,148259,1.29E+11,5265376,NA,NA,153297987,181,63918370,2478
충북 청주시,1576409741,19914,3301561015,16580,1.42E+11,1667713,5100573092,379544,22901448476,1081497,5409941189,105715,64159590371,1004242,1.07E+12,50980266,NA,NA,4063018650,8954,3245531019,119612
충북 충주시,534205984,3191,428256974,2430,3.67E+11,2386395,3444697019,189927,4452581800,235558,554578539,23250,37843753571,636341,3.71E+11,19352216,NA,NA,901700101,2738,6076785428,210183
